track,bpm,key,source
Alesso - Heroes (We Could Be) JJTBEATZ HOUSE REMIX [FREE DOWNLOAD],138.0,Dm,tag
Bear_Down_Chicago_Bears_Juke_Mix_Remix_by_DJ_Nate_Lavar_KLICKAUD,80.0,Ebm,tag
Billie_KLICKAUD,130.0,Gbm,tag
Brent Faiyaz  All Mine (JJTBEATZ House Remix) [FREE DL],138.0,A,tag
CHRYSTAL - THE DAYS  (NOTION REMIX),138.0,Bm,tag
"Calvin Harris - Slide (Official Audio) ft. Frank Ocean, Migos",104.0,Dbm,tag
Chris Brown - Forever (Lyrics),120.0,B,tag
Drake_-_Hoe_Phase_JJTBEATZ_HOUSE_REMIX_KLICKAUD,134.0,Dm,tag
Flume - Never Be Like You (it's murph Remix),132.0,Am,tag
Folded (Shal Edit) Kehlani,136.0,Am,tag
GTFU_FREE_DL_KLICKAUD,129.0,Abm,tag
Human_Nature_Jersey_Club_KLICKAUD,75.0,Am,tag
Justin Bieber - Right Here ft. Drake (Official Audio),92.0,Bbm,tag
Kehlani_-_Folded_NEUVMBR_Edit_KLICKAUD,135.0,Ebm,tag
Level feat. Mouse On Da Track - I Bet You Wont (Clean) #IBetYouWontChallenge,83.0,Em,tag
Magnetic_Harvee_Jersey_Edit_KLICKAUD,70.0,Fm,tag
Music_Sounds_Better_Tim_Grand_Remix_KLICKAUD,128.0,Am,tag
My_Humps_Love_Parade_Sein_Edit_KLICKAUD,134.0,Dbm,tag
NOKIA,106.0,Dm,tag
Nasty (YuchiBoy Edit) - YuchiBoy - SoundLoadMate.com,105.0,Fm,tag
Ne-Yo - Closer (Lyrics),126.0,Em,tag
Nelly Furtado - Say It Right (JONJEN Remix) - JONJEN - SoundLoadMate.com,130.0,Fm,tag
Offset & Metro Boomin - Ric Flair Drip (Clean),100.0,Abm,tag
One Wish (kivv Edit) Final Mastered,134.0,Cm,tag
POP SMOKE - DIOR (CARVELL REMIX),71.0,Gm,tag
Peggy Gou - (It Goes Like) Nanana,130.0,Cm,tag
Playboi_Carti_-_BETTER_OFF_ALONE_KLICKAUD,70.0,Ab,tag
SZA - 30 For 30 feat. Kendrick Lamar (Official Audio),70.0,Abm,tag
Somebody To Love,130.0,Bb,tag
Stay the Night - Zedd feat. Hayley Williams (Audio),128.0,Ab,tag
Taylor Swift  - Wildest Dreams (JJTBEATZ HOUSE REMIX) [FREE DOWNLOAD],70.0,Fm,tag
"Which One - Drake, Central Cee - Jean Dogan - SoundLoadMate.com",124.0,Gbm,tag
Zedd - Clarity (feat. Foxes),128.0,Eb,tag
all mine-brent faiyaz house mix,138.0,A,tag
die for you house remix,134.0,Dbm,tag
dna-kendrick lamar (afro remix),139.0,Am,tag
dtmf- bad bunny (latin tech mix),128.0,Abm,tag
just for me- pinkpantheress (salute edit),136.0,Fm,tag
latch (kogis edit),138.0,Fm,tag
looking for da hoes-sexyy red (jersey),75.0,Ebm,tag
luther (miami bass),133.0,Bm,tag
never be like you (it's murph remix),132.0,Am,tag
nokia- drake (tool),124.0,Em,tag
sexyback_koo_edit_KLICKAUD,135.0,Bbm,tag
yeah-usher latin remix,124.0,Cm,tag
